[
    {
        "ChocolateyPrototypeBootstrap": [
            {
                "Name": "Ensure",
                "Type": "String",
                "Attribute": "Required",
                "ValidateSet": ["Present","Absent"],
                "Description": "Says whether the Chocolatey Prototype provider is installed on the machine."
            },
            {
                "Name": "InstallScope",
                "Type": "String",
                "ValidateSet": ["CurrentUser","AllUsers"],
                "Attribute": "required",
                "Description": "Scope to install the provider. System wide or user scope"
            },
            {
                "Name": "RunKey",
                "Type": "String",
                "Attribute": "Key",
                "Description": "Key to uniquely identify the configuration item."
            }
        ]
    },
    {
        "NugetBootstrap": [
            {
                "Name": "Ensure",
                "Type": "String",
                "Attribute": "Required",
                "ValidateSet": ["Present","Absent"],
                "Description": "Says whether the NuGet provider is installed on the machine."
            },
            {
                "Name": "InstallScope",
                "Type": "String",
                "ValidateSet": ["CurrentUser","AllUsers"],
                "Attribute": "required",
                "Description": "Scope to install the provider. System wide or user scope"
            },
            {
                "Name": "RunKey",
                "Type": "String",
                "Attribute": "Key",
                "Description": "Key to uniquely identify the configuration item."
            }
        ]
    },
    {
        "ChocolateyInstall": [
            {
                "Name": "Ensure",
                "Type": "String",
                "Attribute": "key",
                "ValidateSet": ["Present","Absent"],
                "Description": "Specifies whether the Chocolatey Software should be installed on the machine or not."
            },
            {
                "Name": "InstallDir",
                "Type": "String",
                "Attribute": "write",
                "Description": "Folder path wherethe Chocolatey Software should be installed."
            },
            {
                "Name": "ChocoInstallScriptUrl",
                "Type": "String",
                "Attribute": "Write",
                "Description": "Optional Install script URL to download and execute to install Chocolatey Software. Leave unset to use the embedded version."
            }
        ]
    },
    {
        "ChocolateySource": [
            {
                "Name": "Ensure",
                "Type": "String",
                "Attribute": "Require",
                "ValidateSet": ["Present","Absent"],
                "Description": "Specifies whether the Chocolatey Software should be installed on the machine or not."
            },
            {
                "Name": "Name",
                "Type": "String",
                "Attribute": "key",
                "Description": "Folder path where the Chocolatey Software should be installed."
            },
            {
                "Name": "Source",
                "Type": "String",
                "Attribute": "Write",
                "Description": ""
            },
            {
                "Name": "Priority",
                "Type": "SInt16",
                "Attribute": "write",
                "Description": ""
            },
            {
                "Name": "Disabled",
                "Type": "boolean",
                "Attribute": "write",
                "Description": ""
            },
            {
                "Name": "BypassProxy",
                "Type": "boolean",
                "Attribute": "write",
                "Description": ""
            },
            {
                "Name": "SelfService",
                "Type": "boolean",
                "Attribute": "write",
                "Description": ""
            },
            {
                "Name": "Credential",
                "Type": "PSCredential",
                "Attribute": "write",
                "Description": ""
            }
        ]
    },
    {
        "ChocolateyFeature": [
            {
                "Name": "Ensure",
                "Type": "String",
                "Attribute": "Require",
                "ValidateSet": ["Present","Absent"],
                "Description": "Specifies whether the Chocolatey Feature should be enabled or not."
            },
            {
                "Name": "Name",
                "Type": "String",
                "Attribute": "key",
                "Description": ""
            },
            {
                "Name": "enabled",
                "Type": "boolean",
                "Attribute": "read",
                "Description": ""
            },
            {
                "Name": "SetExplicitly",
                "Type": "String",
                "Attribute": "Read",
                "Description": ""
            },
            {
                "Name": "Description",
                "Type": "String",
                "Attribute": "Read",
                "Description": ""
            }
        ]
    },
    {
        "ChocolateyPackage": [
            {
                "Name": "Ensure",
                "Type": "String",
                "Attribute": "Require",
                "ValidateSet": ["Present","Absent"],
                "Description": "Specifies whether the Chocolatey Package should be installed on the machine or not."
            },
            {
                "Name": "Name",
                "Type": "String",
                "Attribute": "Key",
                "Description": "Chocolatey Package Id"
            },
            {
                "Name": "Version",
                "Type": "String",
                "Attribute": "Key",
                "Description": "Chocolatey Package Version"
            },
            {
                "Name": "ChocolateyOptions",
                "Type": "hashtable",
                "Attribute": "Write",
                "Description": "Chocolatey Options"
            }
        ]
    }
]